City_ID,City,Country,Lat,Lng,Max Temp,Humidity,Cloudiness,Wind Speed,Current Description
0,Altay,CN,47.8667,88.1167,37.35,37,100,3.6,overcast clouds
1,Chapais,CA,49.7834,-74.8492,60.58,88,96,11.54,overcast clouds
2,Ushuaia,AR,-54.8,-68.3,49.66,37,0,8.05,clear sky
3,Taoudenni,ML,22.6783,-3.9836,83.82,12,92,10.98,overcast clouds
4,Bethlehem,BR,-1.4558,-48.5044,84.24,74,75,9.22,broken clouds
5,Manta,EC,-0.95,-80.7333,74.98,69,75,10.36,broken clouds
6,Urumqi,CN,43.801,87.6005,36.55,70,0,2.24,clear sky
7,Punta Arenas,CL,-53.15,-70.9167,50.11,66,100,12.66,light rain
8,Aktau,KZ,43.65,51.2,50.58,67,100,12.17,overcast clouds
9,Padang,ID,-0.9492,100.3543,75.27,94,100,2.01,moderate rain
10,Avon Park,US,27.5959,-81.5062,84.7,55,0,2.17,clear sky
11,Rawson,AR,-43.3002,-65.1023,62.31,42,100,16.62,overcast clouds
12,Lucapa,AO,-8.4192,20.7447,66.42,93,94,2.3,overcast clouds
13,Saint George,US,37.1041,-113.5841,65.43,23,0,3.0,clear sky
14,Port Alfred,ZA,-33.5906,26.891,62.19,86,100,5.01,overcast clouds
15,Hamilton,US,39.1834,-84.5333,76.23,51,75,17.27,broken clouds
16,Jamestown,US,42.097,-79.2353,71.24,46,0,4.61,clear sky
17,Goias,BR,-15.5807,-49.6362,75.04,68,59,3.4,broken clouds
18,Gornopravdinsk,RU,60.05,69.9,27.3,96,32,4.27,scattered clouds
19,Tumba,SE,59.1986,17.8332,52.21,94,100,5.75,overcast clouds
20,Lebu,CL,-37.6167,-73.65,56.17,87,83,11.97,broken clouds
21,Cape Town,ZA,-33.9258,18.4232,63.12,78,0,17.27,clear sky
22,Sholokhovskiy,RU,48.2807,41.0459,47.52,79,99,5.91,overcast clouds
23,Pangnirtung,CA,66.1451,-65.7125,24.8,68,100,11.5,overcast clouds
24,Arraial Do Cabo,BR,-22.9661,-42.0278,73.36,78,40,10.36,scattered clouds
25,Berlevag,NO,70.8578,29.0864,33.8,74,0,8.05,clear sky
26,Santiago De Cao,PE,-7.9589,-79.2392,62.73,77,100,12.66,fog
27,Caravelas,BR,-17.7125,-39.2481,72.45,91,38,5.97,scattered clouds
28,Saint-Philippe,RE,-21.3585,55.7679,69.39,78,39,14.05,scattered clouds
29,Klaksvik,FO,62.2266,-6.589,49.12,92,100,11.83,overcast clouds
30,Georgetown,MY,5.4112,100.3354,78.73,94,20,2.3,few clouds
31,Cayenne,GF,4.9333,-52.3333,82.44,78,100,5.75,overcast clouds
32,Niamey,NE,13.5137,2.1098,91.69,21,13,4.61,few clouds
33,Gulbene,LV,57.1777,26.7529,49.15,98,100,4.9,overcast clouds
34,Busselton,AU,-33.65,115.3333,53.37,91,66,3.11,broken clouds
35,Bredasdorp,ZA,-34.5322,20.0403,60.96,72,100,8.12,overcast clouds
36,Mosquera,CO,4.7059,-74.2302,62.69,82,40,10.36,haze
37,Tasiilaq,GL,65.6145,-37.6368,32.16,96,100,4.18,snow
38,Margate,GB,51.3813,1.3862,61.9,86,100,5.01,overcast clouds
39,Torbay,CA,47.6666,-52.7314,56.5,84,20,4.61,few clouds
40,Warri,NG,5.5167,5.75,75.45,94,100,3.53,overcast clouds
41,Sisimiut,GL,66.9395,-53.6735,25.68,86,91,7.94,overcast clouds
42,Mar Del Plata,AR,-38.0023,-57.5575,70.09,86,0,11.01,light rain
43,Hermanus,ZA,-34.4187,19.2345,58.8,78,100,12.24,overcast clouds
44,Vardo,NO,70.3705,31.1107,30.18,86,100,9.22,overcast clouds
45,Huarmey,PE,-10.0681,-78.1522,65.59,74,53,10.51,broken clouds
46,Christiana,ZA,-27.914,25.1611,69.96,13,100,10.42,overcast clouds
47,Agdam,AZ,39.991,46.9274,51.87,89,4,0.92,clear sky
48,Pisco,PE,-13.7,-76.2167,66.25,68,0,20.71,clear sky
49,Jerusalem,IL,31.769,35.2163,71.8,59,0,5.99,clear sky
50,Namibe,AO,-15.1961,12.1522,68.79,85,35,6.85,scattered clouds
51,Qaanaaq,GL,77.484,-69.3632,22.3,96,100,3.62,light snow
52,Sibut,CF,5.718,19.0739,72.41,88,97,2.17,overcast clouds
53,Kindu,CD,-2.95,25.95,69.28,97,100,2.33,overcast clouds
54,Murfreesboro,US,35.8456,-86.3903,75.61,69,100,14.97,heavy intensity rain
55,Kotelnikovo,RU,47.6317,43.1461,46.9,68,64,5.37,broken clouds
56,Ballinasloe,IE,53.3275,-8.2194,57.33,95,100,17.13,overcast clouds
57,Puerto Del Rosario,ES,28.5004,-13.8627,73.15,88,20,6.91,few clouds
58,Port Elizabeth,ZA,-33.918,25.5701,65.1,77,40,13.8,scattered clouds
59,Plettenberg Bay,ZA,-34.0527,23.3716,59.49,77,94,3.83,light rain
60,Jalu,LY,29.0331,21.5482,68.65,76,0,10.63,clear sky
61,Isla Mujeres,MX,21.2311,-86.731,86.16,68,64,10.27,broken clouds
62,Clyde River,CA,70.4692,-68.5914,7.03,61,0,5.75,clear sky
63,Surt,LY,31.2089,16.5887,73.94,68,0,7.4,clear sky
64,Castro,BR,-24.7911,-50.0119,63.12,84,0,4.74,clear sky
65,Concordia,AR,-31.393,-58.0209,82.47,36,0,9.22,clear sky
66,Vestmanna,FO,62.1564,-7.1664,47.32,100,100,8.05,light rain
67,Carnarvon,AU,-24.8667,113.6333,63.23,68,0,22.73,clear sky
68,Massaguet,TD,12.4755,15.4365,85.06,16,33,13.91,scattered clouds
69,Torez,UA,48.0388,38.5969,48.15,92,100,5.14,overcast clouds
70,Iqaluit,CA,63.7506,-68.5145,22.73,85,100,21.85,light snow
71,Rocha,UY,-34.4833,-54.3333,60.13,81,8,10.98,clear sky
72,Ilulissat,GL,69.2167,-51.1,26.62,93,75,2.3,light shower snow
73,Warmbad,NA,-28.45,18.7333,72.61,19,100,8.1,overcast clouds
74,Dikson,RU,73.5069,80.5464,22.98,86,100,2.13,overcast clouds
75,Guarapari,BR,-20.6667,-40.4975,71.89,87,25,2.91,scattered clouds
76,Rusape,ZW,-18.5278,32.1284,65.44,62,53,4.65,broken clouds
77,Bathsheba,BB,13.2167,-59.5167,83.01,83,75,21.85,broken clouds
78,Kashi,CN,39.4547,75.9797,52.81,35,100,8.95,overcast clouds
79,Talara,PE,-4.5772,-81.2719,65.37,80,74,18.54,broken clouds
80,Adeje,ES,28.1227,-16.726,74.1,85,75,5.75,broken clouds
81,Dekar,BW,-21.5333,21.9333,76.98,39,65,3.44,light rain
82,Hofn,IS,64.2539,-15.2082,42.12,84,100,17.85,overcast clouds
83,Oranjemund,NA,-28.55,16.4333,57.74,87,99,10.36,overcast clouds
84,Sechura,PE,-5.5569,-80.8222,73.11,58,82,18.12,broken clouds
85,Cumbitara,CO,1.6517,-77.5823,70.92,95,100,4.03,moderate rain
86,Huicungo,PE,-7.2833,-76.8,82.87,66,97,2.28,overcast clouds
87,Tikrit,IQ,34.6071,43.6782,70.5,21,63,7.85,broken clouds
88,Soyo,AO,-6.1349,12.3689,77.32,91,66,6.31,broken clouds
89,Atasu,KZ,48.6814,71.6433,39.29,26,100,6.87,overcast clouds
90,Isselburg,DE,51.8333,6.4667,54.03,88,91,6.73,overcast clouds
91,Topchikha,RU,52.8192,83.1185,29.82,57,0,5.14,clear sky
92,Cidreira,BR,-30.1811,-50.2056,66.16,79,0,19.08,clear sky
93,Hithadhoo,MV,-0.6,73.0833,82.18,72,44,12.26,scattered clouds
94,Naryan-Mar,RU,67.6713,53.087,23.23,87,68,8.57,broken clouds
95,Dudinka,RU,69.4058,86.1778,-1.08,100,98,5.68,overcast clouds
96,Ribeira Grande,PT,38.5167,-28.7,61.77,72,85,4.0,overcast clouds
97,Iskateley,RU,67.6803,53.1512,23.09,87,70,8.5,broken clouds
98,Victoria,HK,22.2855,114.1577,73.45,72,98,11.99,overcast clouds
99,Galle,LK,6.0367,80.217,77.2,86,100,3.24,overcast clouds
100,Ati,TD,13.2154,18.3353,83.35,14,1,16.6,clear sky
101,Forestville,US,38.8451,-76.875,64.22,91,100,4.61,mist
102,Vieste,IT,41.8825,16.175,68.18,71,26,8.23,scattered clouds
103,Yarada,IN,17.65,83.2667,78.67,71,70,3.98,broken clouds
104,Bosaso,SO,11.2842,49.1816,78.17,68,77,5.01,broken clouds
105,Bambous Virieux,MU,-20.3428,57.7575,72.21,78,40,9.22,scattered clouds
106,Laukaa,RU,58.7372,29.8453,39.24,98,100,6.38,overcast clouds
107,Canto Do Buriti,BR,-8.11,-42.9444,75.15,87,100,4.68,moderate rain
108,Yenagoa,NG,4.9247,6.2642,75.49,94,71,3.53,broken clouds
109,Gazli,UZ,40.1333,63.45,53.15,73,1,9.95,clear sky
110,Thompson,CA,55.7435,-97.8558,26.76,93,100,11.5,light snow
111,Tazovskiy,RU,67.4667,78.7,16.27,91,87,12.5,overcast clouds
112,Aripuana,BR,-9.1667,-60.6333,73.6,92,100,1.74,overcast clouds
113,Machico,PT,32.7,-16.7667,74.03,83,40,12.66,light rain
114,Villazon,BO,-22.0866,-65.5942,63.82,25,94,17.58,overcast clouds
115,Goderich,CA,43.7501,-81.7165,68.32,49,95,8.05,overcast clouds
116,Cap Malheureux,MU,-19.9842,57.6142,72.46,71,33,3.0,scattered clouds
117,Emmaus,US,40.5395,-75.4968,68.29,86,100,3.44,overcast clouds
118,Male,MV,4.1748,73.5089,82.35,89,20,6.91,few clouds
119,Nador,MA,35.174,-2.9287,71.85,64,0,3.44,clear sky
120,Pinega,RU,64.7001,43.3936,30.42,92,28,5.53,scattered clouds
121,Kingston,JM,17.997,-76.7936,83.35,85,40,9.22,scattered clouds
122,Imbituva,BR,-25.23,-50.6044,63.05,83,0,3.69,clear sky
123,Kubrat,BG,43.8,26.5,59.77,64,100,7.2,overcast clouds
124,Tulum,MX,20.2167,-87.4667,83.73,69,100,5.61,overcast clouds
125,Souillac,MU,-20.5167,57.5167,71.98,78,40,9.22,scattered clouds
126,Longyearbyen,SJ,78.2186,15.6401,15.64,67,20,4.61,few clouds
127,Upernavik,GL,72.7868,-56.1549,23.2,93,100,10.67,light snow
128,Lasa,IT,46.6166,10.7002,52.68,91,82,2.24,broken clouds
129,Sambava,MG,-14.2667,50.1667,69.6,89,6,6.76,light rain
130,Kisangani,CD,0.5167,25.2,71.2,98,94,1.23,light rain
131,Camacha,PT,33.0833,-16.3333,69.22,83,20,6.91,few clouds
132,Vila Velha,BR,-20.3297,-40.2925,71.94,96,100,3.44,overcast clouds
133,Omboue,GA,-1.5746,9.2618,77.05,88,97,2.51,light rain
134,Monrovia,LR,6.3005,-10.7969,78.62,87,33,7.63,scattered clouds
135,Mutoko,ZW,-17.397,32.2268,65.86,57,20,4.16,few clouds
136,Marquette,US,46.5333,-87.6335,51.24,90,97,4.38,overcast clouds
137,Qazvin,IR,36.2797,50.0049,53.22,65,0,6.58,clear sky
138,Coquimbo,CL,-29.9533,-71.3436,60.53,63,75,10.36,broken clouds
139,Santiago Del Estero,AR,-27.7951,-64.2615,99.36,20,8,19.62,clear sky
140,Rabo De Peixe,PT,37.8,-25.5833,63.91,91,20,10.36,few clouds
141,Laguna,US,38.421,-121.4238,76.1,36,0,4.61,haze
142,Taltal,CL,-25.4,-70.4833,59.86,73,22,4.09,few clouds
143,Puerto Ayacucho,VE,5.6639,-67.6236,82.62,74,71,2.04,broken clouds
144,Mehran,IR,33.1222,46.1646,77.58,24,67,7.14,broken clouds
145,Mangrol,IN,21.1167,70.1167,77.32,67,3,7.2,clear sky
146,Nalut,LY,30.3333,10.85,70.11,26,0,7.27,clear sky
147,Nyanza,RW,-2.3519,29.7509,61.81,70,100,5.28,overcast clouds
148,Ust-Koksa,RU,50.2696,85.6108,25.79,45,79,1.43,broken clouds
149,Lai,TD,9.3952,16.2989,74.59,60,4,4.88,clear sky
150,Aljezur,PT,37.3191,-8.8033,66.65,95,100,4.92,overcast clouds
151,Dera Bugti,PK,29.0307,69.151,75.6,17,0,3.44,clear sky
152,Mulchen,CL,-37.7167,-72.2333,64.26,50,82,8.05,broken clouds
153,Muyezerskiy,RU,63.9333,31.65,29.32,92,99,5.86,overcast clouds
154,Gornyak,RU,50.9942,81.4661,31.96,46,0,7.05,clear sky
155,Mahebourg,MU,-20.4081,57.7,72.25,78,40,9.22,scattered clouds
156,George Town,MY,5.4112,100.3354,78.73,95,20,2.3,few clouds
157,Diamantino,BR,-14.4086,-56.4461,80.76,69,90,5.21,overcast clouds
158,Adrar,MR,20.5022,-10.0711,81.0,15,95,8.84,overcast clouds
159,Coihaique,CL,-45.5752,-72.0662,56.01,71,75,3.44,broken clouds
160,Qeshm,IR,26.9581,56.2719,75.09,66,0,0.89,clear sky
161,Kuli,RU,42.0185,47.2434,33.55,56,24,7.72,few clouds
162,Mahroni,IN,24.5862,78.7288,67.6,48,0,4.97,clear sky
163,Bandarbeyla,SO,9.4942,50.8122,77.29,77,19,0.56,few clouds
164,Arlit,NE,18.7369,7.3853,81.09,14,0,14.97,clear sky
165,Labrea,BR,-7.2586,-64.7981,77.95,87,99,2.73,moderate rain
166,Kalas,IN,18.1667,74.8,67.03,64,0,4.9,clear sky
167,High Rock,BS,26.6208,-78.2833,80.62,67,1,10.16,clear sky
168,Taboao Da Serra,BR,-23.6261,-46.7917,67.59,81,40,13.8,scattered clouds
169,Winchester,GB,51.0651,-1.3187,62.42,90,100,12.66,overcast clouds
170,Kalemie,CD,-5.9475,29.1947,73.6,66,93,5.73,overcast clouds
171,Butterworth,MY,5.3991,100.3638,78.84,96,20,2.3,few clouds
172,Yanam,IN,16.7333,82.2167,71.46,88,0,2.26,clear sky
173,Codrington,AU,-38.2667,141.9667,57.87,96,99,10.38,overcast clouds
174,Vila Franca Do Campo,PT,37.7167,-25.4333,64.81,69,100,10.42,overcast clouds
175,Syracuse,IT,37.0881,15.2792,61.97,53,70,5.5,broken clouds
176,Vila Do Maio,CV,15.1333,-23.2167,79.59,76,99,11.23,overcast clouds
177,Le Port,RE,-20.9373,55.2919,72.25,71,19,10.13,few clouds
178,Coria,ES,39.9879,-6.5377,62.46,75,36,1.34,scattered clouds
179,Dois Vizinhos,BR,-25.7336,-53.0572,68.92,82,11,1.43,few clouds
180,Ylivieska,FI,64.0833,24.55,33.31,84,98,6.78,overcast clouds
181,Faya,SA,18.3851,42.4509,62.71,72,22,3.98,few clouds
182,Mallaig,CA,54.2169,-111.3685,37.69,69,100,8.05,light rain
183,Salalah,OM,17.0151,54.0924,77.09,61,0,3.44,clear sky
184,Smolenskaya,RU,44.7887,38.8018,54.77,81,75,3.89,broken clouds
185,Lagoa,PT,39.05,-27.9833,63.05,67,19,23.38,light rain
186,Mwinilunga,ZM,-11.7358,24.4293,65.03,63,36,2.91,scattered clouds
187,Chuy,UY,-33.6971,-53.4616,60.48,80,12,11.9,few clouds
188,Sinnamary,GF,5.3833,-52.95,80.8,79,97,9.89,overcast clouds
189,Wageningen,NL,51.9667,5.6667,52.92,92,100,3.44,overcast clouds
190,Sao Filipe,CV,14.8961,-24.4956,78.64,79,84,7.31,broken clouds
191,Sarakhs,IR,36.5449,61.1577,63.97,50,100,6.58,overcast clouds
192,Sorumsand,NO,59.9851,11.2398,43.43,99,96,0.81,overcast clouds
193,Kachiry,KZ,53.0675,76.1036,34.05,34,100,7.76,overcast clouds
194,Saint-Francois,FR,46.4154,3.9054,57.67,88,98,2.3,overcast clouds
195,Hare Bay,CA,48.8499,-54.0148,60.15,78,2,2.37,clear sky
196,Sept-Iles,CA,50.2001,-66.3821,48.72,93,100,3.44,overcast clouds
197,Cuiaba,BR,-15.5961,-56.0967,93.13,43,40,3.44,scattered clouds
198,Muravlenko,RU,63.7898,74.523,24.42,94,98,22.46,light snow
199,Bara,NG,10.3744,10.7288,79.02,30,41,7.96,scattered clouds
200,Changji,CN,44.0167,87.3167,39.99,70,0,2.24,clear sky
201,Kruisfontein,ZA,-34.0033,24.7314,62.89,71,100,9.08,overcast clouds
202,San Juan Bautista,PE,-14.0108,-75.7358,72.97,44,1,11.7,clear sky
203,Sorland,NO,67.667,12.6934,44.46,64,100,0.2,overcast clouds
204,Saldanha,ZA,-33.0117,17.9442,57.25,88,19,17.38,few clouds
205,Ramban,IN,33.25,75.25,56.14,44,0,7.02,clear sky
206,Karakol,KG,42.4907,78.3936,42.62,42,90,4.18,overcast clouds
207,Taurage,LT,55.2522,22.2897,48.52,98,75,6.13,broken clouds
208,Leh,IN,34.1667,77.5833,29.44,49,0,0.65,clear sky
209,Inhambane,MZ,-23.865,35.3833,76.24,88,1,12.28,clear sky
210,Sankt Florian,AT,48.2057,14.3784,49.59,92,37,1.14,scattered clouds
211,Den Helder,NL,52.9599,4.7593,55.38,94,100,7.0,overcast clouds
212,Banda Aceh,ID,5.5577,95.3222,79.27,82,95,7.38,overcast clouds
213,Oneonta,US,42.4529,-75.0638,68.29,99,91,9.19,overcast clouds
214,Rundu,NA,-17.9333,19.7667,77.85,41,89,8.7,light rain
215,Ostersund,SE,63.1792,14.6357,38.61,100,100,7.0,overcast clouds
216,Ponta Do Sol,PT,32.6667,-17.1,74.03,87,44,6.02,light rain
217,Saint-Augustin,CA,51.226,-58.6502,52.9,78,68,7.36,broken clouds
218,Jizan,SA,17.3333,42.6667,86.94,71,0,1.97,clear sky
219,Waspan,NI,14.7419,-83.9717,81.18,82,83,4.63,broken clouds
220,Sakakah,SA,29.9697,40.2064,74.77,32,65,9.75,broken clouds
221,West Bay,KY,19.3667,-81.4167,87.87,70,20,9.22,few clouds
222,Kavaratti,IN,10.5669,72.642,81.9,61,95,7.96,overcast clouds
223,Grindavik,IS,63.8424,-22.4338,46.35,81,99,10.36,overcast clouds
224,Henties Bay,NA,-22.116,14.2845,57.9,95,84,4.38,broken clouds
225,Hanko,FI,59.8333,22.95,49.05,93,96,13.04,overcast clouds
226,Saryozek,KZ,44.3583,77.9753,43.03,65,100,5.73,overcast clouds
227,Camapua,BR,-19.5314,-54.0439,81.86,40,0,5.59,clear sky
228,Betsiamites,CA,48.9413,-68.646,55.8,93,100,3.15,overcast clouds
229,East London,ZA,-33.0153,27.9116,64.36,69,100,10.67,overcast clouds
230,Peniche,PT,39.3558,-9.3811,66.29,91,0,16.6,clear sky
231,Luanshya,ZM,-13.1367,28.4166,70.84,51,100,2.89,overcast clouds
232,Cape Coast,GH,5.1053,-1.2466,78.93,86,84,5.93,light rain
233,Nanortalik,GL,60.1432,-45.2371,33.67,76,1,4.79,clear sky
234,Kenitra,MA,34.261,-6.5802,66.96,70,100,2.26,overcast clouds
235,Akureyri,IS,65.6835,-18.0878,40.93,75,75,6.91,broken clouds
236,Malakal,SS,9.5334,31.6605,72.79,72,51,3.6,broken clouds
237,Brigantine,US,39.4101,-74.3646,67.19,97,100,1.01,mist
238,Goya,AR,-29.14,-59.2626,82.9,35,0,8.93,clear sky
239,Roald,NO,62.5833,6.1333,52.75,93,75,3.44,broken clouds
240,Oriximina,BR,-1.7656,-55.8661,86.31,56,100,4.05,overcast clouds
241,Puerto Madryn,AR,-42.7692,-65.0385,61.9,46,98,15.61,overcast clouds
242,Sao Borja,BR,-28.6606,-56.0044,77.95,47,0,6.26,clear sky
243,Marsa Matruh,EG,31.3525,27.2453,66.4,77,20,5.75,few clouds
244,Umm Lajj,SA,25.0213,37.2685,78.39,62,0,6.2,clear sky
245,Alekseyevka,RU,50.6309,38.6903,48.36,90,100,5.93,light rain
246,Tabou,CI,4.423,-7.3528,77.04,91,50,7.14,moderate rain
247,Mango,US,27.9797,-82.3065,86.09,64,7,1.01,clear sky
248,Rio Branco,BR,-9.9747,-67.81,84.81,74,75,11.5,moderate rain
249,Reo,BF,12.3167,-2.4667,84.22,29,8,4.0,clear sky
250,Husavik,IS,66.0449,-17.3389,35.53,87,100,7.0,overcast clouds
251,Progreso,MX,21.2833,-89.6667,91.11,80,87,12.03,overcast clouds
252,Luanda,AO,-8.8368,13.2343,77.0,83,0,10.36,clear sky
253,Bud,US,39.447,-86.1758,71.31,76,100,13.27,moderate rain
254,Hammerfest,NO,70.6634,23.6821,32.45,74,0,3.44,clear sky
255,Malanje,AO,-9.5402,16.341,64.78,95,69,2.21,light rain
256,Hambantota,LK,6.1241,81.1185,77.34,100,100,2.3,overcast clouds
257,Ostrovnoy,RU,68.0531,39.5131,31.19,88,93,17.43,overcast clouds
258,Coari,BR,-4.085,-63.1414,79.99,82,98,3.0,overcast clouds
259,Pontivy,FR,48.0,-3.0,64.04,87,75,16.28,broken clouds
260,Narsaq,GL,60.9167,-46.05,26.82,73,1,6.8,clear sky
261,Kortkeros,RU,61.8106,51.5806,30.2,96,32,4.34,scattered clouds
262,Camacupa,AO,-12.0167,17.4833,65.71,77,82,5.14,broken clouds
263,Chynov,CZ,49.4068,14.8112,45.79,91,11,2.95,few clouds
264,Beira,MZ,-19.8436,34.8389,77.09,94,20,9.22,few clouds
265,Hobyo,SO,5.3505,48.5268,79.3,83,89,10.47,light rain
266,Kyshtovka,RU,56.555,76.6271,31.46,75,100,8.21,overcast clouds
267,San Cristobal,VE,7.7669,-72.225,77.18,75,100,1.45,overcast clouds
268,Svoge,BG,42.9667,23.35,61.5,68,79,2.33,broken clouds
269,Mizdah,LY,31.4451,12.9801,64.83,41,4,3.98,clear sky
270,Acarau,BR,-2.8856,-40.12,78.85,78,92,16.04,overcast clouds
271,Maniitsoq,GL,65.4167,-52.9,28.17,77,78,6.15,broken clouds
272,Tessalit,ML,20.1986,1.0114,79.29,18,86,11.34,overcast clouds
273,Marsh Harbour,BS,26.5412,-77.0636,78.93,69,7,9.75,clear sky
274,Turbat,PK,26.0023,63.044,78.96,53,0,2.13,clear sky
275,Thinadhoo,MV,0.5333,72.9333,82.72,74,83,13.42,broken clouds
276,Sao Joao Da Barra,BR,-21.6403,-41.0511,71.69,87,32,11.01,scattered clouds
277,Walvis Bay,NA,-22.9575,14.5053,61.75,77,100,3.44,overcast clouds
278,Lerwick,GB,60.1545,-1.1494,51.8,88,100,10.8,overcast clouds
279,Ustyuzhna,RU,58.8394,36.4321,30.76,87,32,6.96,scattered clouds
280,Saint Anthony,US,45.0205,-93.218,51.76,59,0,8.05,clear sky
281,Bani,DO,18.2833,-70.3333,78.85,86,100,8.88,moderate rain
282,Igarka,RU,67.4667,86.5833,26.04,97,100,3.13,light snow
283,Korla,CN,41.7597,86.1469,47.48,43,0,1.79,clear sky
284,Outjo,NA,-20.1167,16.15,74.48,27,12,10.25,few clouds
285,Najran,SA,17.4924,44.1277,65.05,25,4,0.4,clear sky
286,Praia Da Vitoria,PT,38.7333,-27.0667,60.76,82,75,12.5,broken clouds
287,Millinocket,US,45.6573,-68.7098,62.71,100,100,0.0,mist
288,Inirida,CO,3.8653,-67.9239,80.83,75,100,1.12,overcast clouds
289,Suffolk,US,40.8668,-72.7996,70.41,96,100,5.75,mist
290,Butgenbach,BE,50.4269,6.205,51.44,93,75,1.14,broken clouds
291,Mucurapo,TT,10.6667,-61.5333,84.96,87,100,6.96,overcast clouds
292,Sur,OM,22.5667,59.5289,79.92,48,0,7.49,clear sky
293,Tukrah,LY,32.5341,20.5791,70.5,81,0,6.55,clear sky
294,Bushehr,IR,28.9684,50.8385,75.29,78,8,0.0,clear sky
295,Itarema,BR,-2.9248,-39.9167,78.71,78,88,15.1,overcast clouds
296,Thunder Bay,CA,48.4001,-89.3168,46.38,57,75,13.8,broken clouds
297,Berbera,SO,10.4396,45.0143,82.94,63,19,5.91,few clouds
298,Opuwo,NA,-18.0607,13.84,71.6,40,13,3.87,few clouds
299,Desdunes,HT,19.2955,-72.646,81.75,68,97,3.94,light rain
300,Amarante Do Maranhao,BR,-5.5667,-46.7422,77.52,80,100,1.5,light rain
301,Urbano Santos,BR,-3.2078,-43.4036,78.21,78,84,7.11,broken clouds
302,Turiacu,BR,-1.6633,-45.3717,78.87,75,85,5.93,overcast clouds
303,Bereda,ES,43.2686,-7.5406,59.41,89,43,9.6,scattered clouds
304,Mombasa,KE,-4.0547,39.6636,75.72,89,58,7.61,light rain
305,Porto Tolle,IT,44.9497,12.3245,65.34,80,34,2.51,scattered clouds
306,Kombissiri,BF,12.0656,-1.3375,85.98,29,20,5.61,few clouds
307,Fuerte Olimpo,PY,-21.0415,-57.8738,86.85,33,0,4.47,clear sky
308,San Rafael Del Sur,NI,11.8485,-86.4384,88.77,82,88,1.57,overcast clouds
309,Villa Maria,AR,-32.4075,-63.2402,89.82,34,86,16.75,overcast clouds
310,Asfi,MA,32.2994,-9.2372,74.3,44,100,6.8,overcast clouds
311,Bondo,CD,3.8146,23.6866,68.88,99,100,1.41,light rain
312,Abnub,EG,27.2696,31.1511,68.22,36,12,7.47,few clouds
313,Sandi,IN,27.3,79.95,68.83,46,0,2.17,clear sky
314,Nyimba,ZM,-14.5566,30.8149,77.43,43,22,3.06,few clouds
315,Cocobeach,GA,1.0002,9.5823,77.13,87,100,0.83,overcast clouds
316,Atar,MR,20.5169,-13.0499,89.37,12,99,5.46,overcast clouds
317,Saint-Georges,GD,12.0564,-61.7485,83.88,84,40,13.8,light intensity shower rain
318,Lastoursville,GA,-0.8143,12.7287,72.09,98,99,0.98,overcast clouds
319,Odesskoye,RU,54.2111,72.9651,30.0,78,100,6.2,overcast clouds
320,Awjilah,LY,29.1081,21.2869,68.63,80,0,10.85,clear sky
321,Luderitz,NA,-26.6481,15.1594,63.97,61,100,15.01,overcast clouds
322,Mazyr,BY,52.0495,29.2456,51.84,98,100,4.92,overcast clouds
323,Grand Gaube,MU,-20.0064,57.6608,73.38,71,35,5.01,scattered clouds
324,Skagen,DK,57.7209,10.5839,53.67,91,24,21.97,few clouds
325,Iringa,TZ,-7.7667,35.7,61.39,64,88,5.28,overcast clouds
326,Porto Novo,BJ,6.4965,2.6036,76.82,84,100,5.37,overcast clouds
327,Bentiu,SS,9.2333,29.8333,73.81,50,21,3.71,few clouds
328,Geraldton,AU,-28.7667,114.6,48.61,87,0,5.75,clear sky
329,Damavand,IR,35.7178,52.065,50.04,49,50,3.18,scattered clouds
330,Matay,EG,28.419,30.7792,69.85,64,13,5.97,few clouds
331,Libertador General San Martin,AR,-23.8064,-64.7876,96.31,26,2,10.09,clear sky
332,Nacala,MZ,-14.5428,40.6728,74.21,88,25,11.79,scattered clouds
333,Benghazi,LY,32.1167,20.0667,72.32,76,0,11.63,clear sky
334,Jodhpur,IN,26.2867,73.03,74.19,36,0,9.4,clear sky
335,Dondo,MZ,-19.6094,34.7431,76.51,91,18,1.48,few clouds
336,Gat,IL,31.61,34.7642,79.48,39,0,6.31,clear sky
337,Monki,PL,53.405,22.7979,53.67,95,71,5.35,broken clouds
338,Tambo,PE,-14.8,-73.9167,44.94,26,3,13.15,clear sky
339,Vila Praia De Ancora,PT,41.811,-8.8526,68.72,90,43,18.45,scattered clouds
340,Zaysan,KZ,47.4667,84.8667,36.57,49,52,2.33,broken clouds
341,Uporovo,RU,56.3109,66.2693,31.95,77,100,5.17,overcast clouds
342,Rio Verde De Mato Grosso,BR,-18.9181,-54.8442,86.0,36,0,8.28,clear sky
343,Yangambi,CD,0.8102,24.4336,70.16,98,86,2.44,light rain
344,Angoche,MZ,-16.2325,39.9086,75.38,74,44,13.42,scattered clouds
345,Touros,BR,-5.1989,-35.4608,78.15,76,55,14.83,broken clouds
346,Cockburn Town,TC,21.4612,-71.1419,80.19,71,100,3.13,light rain
347,Iskilip,TR,40.7353,34.4739,52.65,54,18,1.63,few clouds
348,Roros,NO,62.5747,11.3842,37.24,100,100,2.3,overcast clouds
349,Donskoye,RU,45.4552,41.9741,46.53,61,42,7.23,scattered clouds
350,Cuxhaven,DE,53.8718,8.6909,53.8,87,75,6.91,broken clouds
351,Rio Bueno,CL,-40.3167,-72.9667,60.94,69,87,6.49,overcast clouds
352,Dossor,KZ,47.5272,52.9811,42.82,67,31,14.63,scattered clouds
353,Trinidad,BO,-14.8333,-64.9,91.38,62,75,6.91,broken clouds
354,Chapaevsk,RU,52.9813,49.7112,35.31,84,88,6.15,overcast clouds
355,Zarechye,RU,48.7786,132.9106,32.45,76,92,3.53,overcast clouds
356,Menongue,AO,-14.6585,17.691,64.81,87,96,2.91,overcast clouds
357,Port Said,EG,31.2565,32.2841,75.18,94,40,9.22,scattered clouds
358,Karpogory,RU,64.0019,44.4451,29.48,96,22,5.17,few clouds
359,Axim,GH,4.8699,-2.2405,77.95,86,68,4.85,light rain
360,Mweka,CD,-4.85,21.5667,70.7,86,93,2.51,overcast clouds
361,Natal,BR,-5.795,-35.2094,81.25,78,20,12.66,few clouds
362,Jardim,BR,-21.4803,-56.1381,79.7,46,0,4.47,clear sky
363,Artvin,TR,41.1667,41.8333,50.09,70,73,3.62,broken clouds
364,La Libertad,EC,-2.2333,-80.9,69.57,81,86,12.08,overcast clouds
365,Gobabis,NA,-22.45,18.9667,78.51,15,95,14.23,overcast clouds
366,Dutlwe,BW,-23.9833,23.9,81.1,28,93,3.85,overcast clouds
367,Bengkulu,ID,-3.8004,102.2655,73.99,93,100,5.21,moderate rain
368,Sayat,TM,38.7839,63.8803,51.67,74,0,5.39,clear sky
369,Kalety,PL,50.5627,18.8926,52.32,100,2,3.44,fog
370,Tulnici,RO,45.9167,26.6667,55.98,84,98,4.56,overcast clouds
371,Tahoua,NE,14.8888,5.2692,83.23,22,66,8.66,broken clouds
372,Khvoynaya,RU,58.9,34.5333,33.17,86,95,7.78,light snow
373,Abonnema,NG,4.7084,6.7931,76.98,91,98,4.27,overcast clouds
374,Torbat-E Jam,IR,35.244,60.6225,55.29,80,37,2.44,scattered clouds
375,Druzhba,UA,52.0428,33.9453,47.55,98,100,8.66,moderate rain
376,Dhidhdhoo,MV,6.8833,73.1,80.24,78,61,4.09,broken clouds
377,Port-Gentil,GA,-0.7193,8.7815,78.76,89,40,5.75,thunderstorm
378,Clarence Town,AU,-32.5833,151.7833,73.94,65,91,10.09,overcast clouds
379,Gumdag,TM,39.2061,54.5906,57.67,60,0,3.11,clear sky
380,Doba,TD,8.65,16.85,73.69,55,90,2.59,overcast clouds
381,San Andres,CO,12.5847,-81.7006,86.02,70,75,4.61,broken clouds
382,Torata,PE,-17.0769,-70.8433,62.64,33,6,6.58,clear sky
383,Andenes,NO,69.3143,16.1194,33.93,86,0,6.91,clear sky
384,Mongu,ZM,-15.2484,23.1274,77.45,35,65,4.61,broken clouds
385,Alma,CA,48.5501,-71.6491,60.93,84,100,4.34,overcast clouds
386,Kastamonu,TR,41.5,33.6667,47.41,55,9,1.19,clear sky
387,Hopkinsville,US,36.8656,-87.4886,66.24,80,93,14.9,overcast clouds
388,Mehamn,NO,71.0357,27.8492,33.75,75,0,10.36,clear sky
389,Barra Da Estiva,BR,-13.6261,-41.3269,66.42,89,86,4.92,overcast clouds
390,Qasigiannguit,GL,68.8193,-51.1922,26.85,97,100,8.79,light snow
391,Kuryk,KZ,43.2,51.65,53.91,66,97,11.74,overcast clouds
392,Ciochina,RO,44.5833,27.0667,62.83,71,68,10.22,broken clouds
393,Bloemhof,ZA,-27.6469,25.607,70.74,13,100,8.01,overcast clouds
394,Nantucket,US,41.2835,-70.0995,69.91,92,75,10.36,broken clouds
395,Mgandu,TZ,-5.95,34.1333,69.04,48,54,8.88,broken clouds
396,Marsabit,KE,2.3284,37.9899,70.45,58,73,16.71,broken clouds
397,Obzor,BG,42.8167,27.8833,68.27,58,86,6.8,overcast clouds
398,Youkounkoun,GN,12.5333,-13.1333,78.42,65,59,2.46,broken clouds
399,Chimoio,MZ,-19.1164,33.4833,71.46,88,0,1.92,clear sky
400,Calabozo,VE,8.9242,-67.4293,81.82,74,99,4.54,overcast clouds
401,Acari,PE,-15.4311,-74.6158,69.94,63,6,8.25,clear sky
402,Miraflores,MX,19.2167,-98.8083,80.98,67,99,4.38,light rain
403,Turka,UA,49.1541,23.0297,48.15,94,85,2.55,overcast clouds
404,Trincomalee,LK,8.5711,81.2335,78.96,78,25,2.64,light rain
405,Kaniama,CD,-7.5667,24.1833,66.56,92,100,3.38,light rain
406,Moyale,KE,3.5167,39.0584,70.18,68,38,7.34,scattered clouds
407,Zhovti Vody,UA,48.3473,33.5003,54.9,92,100,14.38,moderate rain
408,Tefe,BR,-3.3542,-64.7114,91.51,62,20,2.3,few clouds
409,Bardiyah,LY,31.7561,25.0865,70.0,60,0,6.46,clear sky
410,Benicarlo,ES,40.4165,0.4271,68.56,72,100,1.97,overcast clouds
411,Shakawe,BW,-18.3667,21.85,80.4,33,83,2.95,broken clouds
412,Nhlangano,SZ,-27.1167,31.2,64.11,94,62,5.23,light rain
413,Tombouctou,ML,20.0,-3.0,79.12,15,31,10.87,scattered clouds
414,Atyrau,KZ,47.1167,51.8833,39.22,75,0,13.42,clear sky
415,Rognan,NO,67.0953,15.3878,44.06,87,100,3.42,overcast clouds
416,Olinda,BR,-8.0089,-34.8553,80.33,65,40,8.05,scattered clouds
417,Ayagoz,KZ,47.9714,80.4392,33.78,63,54,4.63,broken clouds
418,Umm Kaddadah,SD,13.6017,26.6876,78.48,21,5,15.68,clear sky
419,Quinchia,CO,5.3396,-75.7302,68.07,96,100,2.73,light rain
420,Kulhudhuffushi,MV,6.6221,73.07,80.04,80,82,4.92,broken clouds
421,Talcahuano,CL,-36.7167,-73.1167,56.88,88,100,13.8,overcast clouds
422,Kirkwall,GB,58.9848,-2.9587,51.85,93,100,10.36,overcast clouds
423,Muscat,OM,23.6139,58.5922,78.82,44,0,3.18,clear sky
424,Matagami,CA,49.7502,-77.6328,66.31,55,0,17.27,clear sky
425,Karmaskaly,RU,54.3709,56.1837,31.91,86,32,5.48,scattered clouds
426,Landshut,DE,48.5333,12.15,52.88,91,92,3.0,overcast clouds
427,Yar-Sale,RU,66.8333,70.8333,19.58,95,99,9.4,overcast clouds
428,Chokwe,MZ,-24.5333,32.9833,81.37,59,15,8.57,few clouds
429,Posse,BR,-14.0931,-46.3694,78.67,38,57,2.89,broken clouds
430,Antalaha,MG,-14.9003,50.2788,70.54,82,46,3.65,scattered clouds
431,Santa Rosa,PH,14.3122,121.1114,76.98,97,93,7.83,moderate rain
432,Pokaran,IN,26.9167,71.9167,74.82,36,2,9.4,clear sky
433,Mount Dora,US,28.8025,-81.6445,84.85,50,0,3.44,clear sky
434,Santa Maria,BR,-29.6842,-53.8069,79.9,50,0,11.5,clear sky
435,Baglung,NP,28.2719,83.5898,57.65,72,15,4.92,few clouds
436,Birao,CF,10.2849,22.7882,74.37,37,43,4.85,scattered clouds
437,Havelock,US,34.8791,-76.9013,66.15,87,100,8.05,overcast clouds
438,Marsaxlokk,MT,35.8419,14.5431,71.08,94,0,3.44,clear sky
439,Amapa,BR,1.0,-52.0,84.09,56,100,6.46,overcast clouds
440,Abaetetuba,BR,-1.7181,-48.8825,81.27,77,95,10.47,overcast clouds
441,Wanlaweyn,SO,2.6185,44.8938,76.6,84,90,6.17,overcast clouds
442,Caceres,ES,39.522,-6.3748,60.67,85,77,4.52,broken clouds
443,Saint-Joseph,RE,-21.3667,55.6167,68.38,76,20,10.11,few clouds
444,Damietta,EG,31.4165,31.8133,75.09,76,14,12.3,light rain
445,Mecca,SA,21.4267,39.8261,80.44,63,62,4.68,broken clouds
446,Samana,DO,19.2056,-69.3369,80.82,89,75,6.91,broken clouds
447,Buraydah,SA,26.326,43.975,75.65,16,2,9.53,clear sky
448,Mandalgarh,IN,25.2,75.1,68.95,40,0,4.99,clear sky
449,Mount Pleasant,US,32.7941,-79.8626,74.3,82,0,8.05,clear sky
450,Araguaina,BR,-7.1911,-48.2072,75.63,88,100,7.49,overcast clouds
451,Kaliua,TZ,-5.0606,31.7936,79.02,35,99,2.84,overcast clouds
452,Jumla,NP,29.2747,82.1838,41.86,62,1,5.03,clear sky
453,Talnakh,RU,69.4865,88.3972,7.66,97,96,2.44,overcast clouds
454,Ilave,PE,-16.0833,-69.6667,58.57,36,5,11.39,clear sky
455,Werda,BW,-25.2667,23.2833,76.55,7,81,11.14,broken clouds
456,Altamira,BR,-3.2033,-52.2064,91.49,52,40,0.0,scattered clouds
457,Uusikaupunki,FI,60.8004,21.4084,48.79,97,100,6.6,overcast clouds
458,Trairi,BR,-3.2778,-39.2689,78.66,77,99,11.9,overcast clouds
459,Magnor,SE,59.9511,12.1996,46.29,95,98,2.37,overcast clouds
460,Saint Stephen,GB,50.3333,-4.9,59.27,100,75,24.16,broken clouds
461,Beba,CU,22.4437,-79.7253,84.47,71,5,9.55,clear sky
462,Alta Floresta,BR,-9.8756,-56.0861,73.51,88,96,4.09,overcast clouds
463,Yarim,YE,14.298,44.3779,54.23,34,0,4.47,clear sky
464,Ler,SS,8.3018,30.1418,73.85,68,53,4.36,broken clouds
465,Fort Erie,CA,42.9001,-78.9329,75.15,52,75,3.44,broken clouds
466,Hakkari,TR,37.5833,44.1667,35.38,87,20,3.44,few clouds
467,Yining,CN,29.0361,114.5636,60.04,49,85,1.36,overcast clouds
468,Madimba,TZ,-10.4,40.3333,72.39,88,13,6.08,few clouds
469,Doha,QA,25.2867,51.5333,82.38,65,0,1.14,clear sky
470,Bafoulabe,ML,13.8065,-10.8321,83.07,32,26,3.13,scattered clouds
471,Llanes,ES,43.4198,-4.7549,66.88,70,11,9.24,few clouds
472,Piracanjuba,BR,-17.3028,-49.0167,80.69,34,13,6.44,few clouds
473,Vestmannaeyjar,IS,63.4427,-20.2734,44.91,86,100,20.49,overcast clouds
474,Lugovoy,KZ,42.9472,72.7644,51.26,80,100,7.0,light rain
475,Nuuk,GL,64.1835,-51.7216,32.61,100,75,3.44,broken clouds
476,Sosnovskoye,RU,55.8052,43.167,30.18,78,8,0.76,clear sky
477,Kangaatsiaq,GL,68.3065,-53.4641,30.13,62,100,10.07,overcast clouds
478,Solhan,TR,38.9634,41.0293,47.71,43,0,2.73,clear sky
479,Ugoofaaru,MV,5.6667,73.0,80.53,81,90,6.55,overcast clouds
480,Krasnoselkup,RU,65.7,82.4667,31.98,98,100,14.63,light snow
481,Dingle,PH,10.9995,122.6711,75.97,93,100,5.75,overcast clouds
482,Yendi,GH,9.4427,-0.0099,77.49,79,100,5.55,overcast clouds
483,Torva,EE,58.0028,25.935,49.1,96,100,5.93,overcast clouds
484,Tres Arroyos,AR,-38.3739,-60.2798,70.81,59,100,8.59,heavy intensity rain
485,Buchanan,LR,5.8808,-10.0467,78.57,86,69,6.51,broken clouds
486,Manjeshwar,IN,12.7194,74.8861,74.35,86,5,4.45,clear sky
487,Raudeberg,NO,61.9875,5.1352,50.67,1,100,17.11,overcast clouds
488,Asuncion,PY,-25.3007,-57.6359,90.84,35,0,8.05,clear sky
489,Verkhnetulomskiy,RU,68.6073,31.7962,23.13,81,97,5.84,overcast clouds
490,Xapuri,BR,-10.6517,-68.5044,88.79,50,91,2.64,overcast clouds
491,Domoni,KM,-12.2569,44.5319,75.0,84,4,7.87,clear sky
492,Luau,AO,-10.7073,22.2247,71.22,62,82,5.86,light rain
493,Udala,ES,43.0778,-2.5125,69.39,63,49,9.13,scattered clouds
494,Bataipora,BR,-22.2953,-53.2711,76.01,49,0,4.12,clear sky
495,Gloucester,GB,51.8657,-2.2431,60.19,85,100,11.01,overcast clouds
496,Harper,LR,4.375,-7.7169,77.25,90,52,7.96,moderate rain
497,The Valley,AI,18.217,-63.0578,85.86,84,40,11.5,scattered clouds
498,Gao,ML,16.6362,1.637,83.95,20,14,9.35,few clouds
499,Oktyabrskiy,RU,54.4815,53.471,30.45,90,95,7.09,overcast clouds
500,Carballo,ES,43.213,-8.691,65.89,88,73,12.03,broken clouds
501,Teguise,ES,29.0605,-13.564,70.02,78,0,2.3,clear sky
502,Eirunepe,BR,-6.6603,-69.8736,83.03,69,98,3.38,light rain
503,Mahibadhoo,MV,3.7833,72.9667,81.37,80,99,11.83,overcast clouds
504,Lagos,NG,6.5833,3.75,79.12,90,96,3.8,overcast clouds
505,Bam,IR,29.106,58.357,73.58,15,0,6.89,clear sky
506,Vermilion,US,40.1667,-87.7506,63.3,93,100,10.22,moderate rain
507,Floresta,BR,-8.6011,-38.5686,83.07,55,97,9.69,overcast clouds
508,Benguela,AO,-12.5763,13.4055,76.68,79,46,5.68,light rain
509,Strezhevoy,RU,60.7333,77.5889,32.95,75,100,14.34,overcast clouds
510,Avesta,SE,60.1455,16.1679,45.19,95,100,6.73,overcast clouds
511,Omaruru,NA,-21.4333,15.9333,72.95,29,59,4.9,broken clouds
512,Riyadh,SA,24.6877,46.7219,73.54,18,1,6.91,clear sky
513,Muyinga,BI,-2.8333,30.3333,64.08,65,98,2.71,overcast clouds
514,Adre,TD,13.4667,22.2,74.26,22,3,7.52,clear sky
515,Santa Luzia,BR,-19.7697,-43.8514,79.7,52,20,12.66,few clouds
516,Jaguaruna,BR,-28.615,-49.0256,64.65,83,2,8.97,clear sky
517,Qaqortoq,GL,60.7167,-46.0333,28.33,71,0,5.84,clear sky
518,Jaque,PA,7.5175,-78.1703,79.21,87,100,4.23,light rain
519,Shakhtinsk,KZ,49.71,72.5872,36.73,26,100,7.74,overcast clouds
520,Jurado,CO,7.1053,-77.7641,78.82,87,100,6.53,light rain
521,Eyl,SO,7.9803,49.8164,78.64,77,11,4.83,few clouds
522,Pinyug,RU,60.251,47.7842,27.41,96,19,4.0,few clouds
523,Moville,US,42.4889,-96.0725,59.7,29,0,14.52,clear sky
524,Salisbury,GB,51.0693,-1.7957,62.44,87,100,13.8,overcast clouds
525,Pachino,IT,36.7186,15.0907,72.43,58,65,3.85,broken clouds
526,Beyneu,KZ,45.3167,55.2,51.24,75,99,16.35,overcast clouds
527,Korem,ET,12.5058,39.5228,56.7,69,33,3.85,scattered clouds
528,Viedma,AR,-40.8135,-62.9967,68.47,56,98,14.88,overcast clouds
529,Gravdal,NO,68.1214,13.5031,31.89,93,20,0.0,few clouds
530,Morant Bay,JM,17.8815,-76.4093,83.82,80,30,8.23,scattered clouds
531,Antofagasta,CL,-23.65,-70.4,61.88,75,7,9.64,clear sky
532,Port-Cartier,CA,50.0334,-66.8654,48.42,90,98,2.66,overcast clouds
533,Weligama,LK,5.9667,80.4167,76.06,88,100,3.0,overcast clouds
534,Gurupi,BR,-11.7292,-49.0686,77.63,64,88,7.16,overcast clouds
535,Pavlovo,RU,55.9686,43.0912,30.45,79,7,0.4,clear sky
536,Vigrestad,NO,58.5667,5.7,52.25,92,83,0.47,broken clouds
537,Manono,CD,-7.3,27.4167,74.82,67,100,2.42,overcast clouds
538,Owando,CG,-0.4819,15.8999,70.23,98,90,2.89,overcast clouds
539,Nosy Varika,MG,-20.5833,48.5333,72.95,82,68,11.68,broken clouds
540,Cacu,BR,-18.5567,-51.1308,82.65,34,2,5.41,clear sky
541,Bodden Town,KY,19.2833,-81.25,87.8,68,20,9.22,few clouds
542,Muros,ES,42.7762,-9.0603,67.84,80,24,18.16,few clouds
543,Santa Isabel Do Rio Negro,BR,-0.4139,-65.0192,80.96,76,99,1.14,overcast clouds
544,Mount Vernon,US,40.9126,-73.8371,71.83,79,0,3.44,clear sky
545,Sao Miguel Do Araguaia,BR,-13.275,-50.1628,83.77,52,100,4.52,overcast clouds
546,Tamandare,BR,-8.7597,-35.1047,77.63,79,59,10.54,broken clouds
547,La Palma,US,33.8464,-118.0467,84.67,38,20,9.22,few clouds
548,Camana,PE,-16.6228,-72.7111,64.62,74,46,7.92,scattered clouds
549,Jutai,BR,-5.1833,-68.9,79.61,86,100,1.59,overcast clouds
550,Nadvoitsy,RU,63.8667,34.3167,30.69,91,91,7.23,overcast clouds
551,Dahuk,IQ,36.8695,42.994,62.91,29,0,3.6,clear sky
552,Virginia Beach,US,36.8529,-75.978,63.01,94,100,4.61,overcast clouds
553,Porto Torres,IT,40.835,8.3972,59.18,45,68,4.76,broken clouds
554,Heiligenhafen,DE,54.3667,10.9833,50.76,93,12,11.88,few clouds
555,Novosheshminsk,RU,55.0651,51.2338,31.62,80,95,6.98,overcast clouds
556,Araouane,ML,18.9048,-3.5265,82.58,13,64,10.2,broken clouds
557,San Antonio,US,29.4241,-98.4936,82.06,17,0,4.61,clear sky
558,Benjamin Constant,BR,-4.3831,-70.0311,87.93,66,40,6.91,scattered clouds
559,Chimbote,PE,-9.0853,-78.5783,64.81,75,47,9.86,scattered clouds
560,Cochrane,CA,51.1834,-114.4687,41.27,60,14,5.75,few clouds
561,Wilmington,US,34.2257,-77.9447,70.9,74,3,3.0,clear sky
562,Kurbnesh,AL,41.7797,20.0836,59.32,48,15,3.51,few clouds
563,Basoko,CD,1.2391,23.616,71.76,96,100,3.29,light rain
564,Kigorobya,UG,1.6162,31.3089,66.29,83,90,2.95,overcast clouds
565,Tromso,NO,69.6496,18.957,32.38,80,0,2.3,clear sky
566,Kollam,IN,8.8833,76.6,76.33,89,7,5.06,clear sky
567,Luangwa,ZM,-15.6167,30.4167,81.75,39,10,0.27,clear sky
568,Sitio Novo Do Tocantins,BR,-5.5183,-47.4611,81.93,70,98,3.0,moderate rain
569,Harindanga,IN,22.0383,88.3214,73.63,87,0,2.24,clear sky
570,Santa Fe,AR,-31.6333,-60.7,86.02,43,94,10.0,light rain
571,Seaford,GB,50.7714,0.1027,63.37,88,100,13.0,overcast clouds
572,Satipo,PE,-11.2522,-74.6386,81.03,66,87,2.01,overcast clouds
573,Svencionys,LT,55.15,26.1667,50.11,96,100,3.67,overcast clouds
574,Buta,CD,2.7858,24.73,68.67,99,100,0.54,light rain
575,Tucurui,BR,-3.7661,-49.6725,83.73,67,100,1.63,overcast clouds
576,Pokhara,NP,28.2333,83.9833,60.66,48,0,5.82,clear sky
577,Porbandar,IN,21.6422,69.6093,77.77,66,0,7.9,clear sky
578,Peterhead,GB,57.5058,-1.7981,52.45,89,100,14.14,overcast clouds
579,Marawi,PH,7.9986,124.2928,68.63,94,71,1.01,broken clouds
580,Saint-Louis,SN,16.3333,-15.0,87.44,41,100,12.82,overcast clouds
581,Meulaboh,ID,4.1363,96.1285,76.17,90,100,4.83,overcast clouds
582,Keti Bandar,PK,24.1447,67.4497,79.5,74,0,10.54,clear sky
583,Tendukheda,IN,23.4,79.55,63.43,62,0,3.24,clear sky
584,Carbonia,IT,39.1672,8.5222,63.55,34,94,2.77,overcast clouds
585,Boca Raton,US,26.3587,-80.0831,84.0,61,20,17.27,few clouds
586,Boden,SE,65.8252,21.6886,39.2,88,99,3.0,overcast clouds
587,Schladming,AT,47.3929,13.687,47.53,100,89,4.61,overcast clouds
588,Gairo,IT,39.8497,9.5047,61.81,29,62,3.98,broken clouds
589,Agadez,NE,19.75,10.25,69.31,13,0,7.56,clear sky
590,Morondava,MG,-20.2833,44.2833,75.69,82,63,4.74,broken clouds
591,Piacabucu,BR,-10.4056,-36.4344,77.74,85,12,13.27,few clouds
592,Calama,CL,-22.4667,-68.9333,72.09,7,0,24.16,clear sky
593,Beisfjord,NO,68.3751,17.5988,31.05,79,66,5.14,broken clouds
594,Miandrivazo,MG,-19.5167,45.4667,78.87,69,71,4.0,broken clouds
595,Mattru,SL,7.6244,-11.8332,75.09,95,62,3.02,broken clouds
596,Porto San Giorgio,IT,43.1827,13.7934,66.0,65,12,5.08,few clouds
597,Barra Dos Coqueiros,BR,-10.9089,-37.0386,80.62,78,75,11.5,broken clouds
598,Codajas,BR,-3.8367,-62.0569,80.71,79,100,2.13,overcast clouds
599,Duma,CN,34.7653,108.135,50.52,89,100,2.8,overcast clouds
600,Manitouwadge,CA,49.1215,-85.8403,43.16,71,90,10.49,overcast clouds
601,Negombo,LK,7.2083,79.8358,78.85,94,40,3.44,moderate rain
602,Matai,TZ,-8.3,31.5167,67.37,49,97,2.95,overcast clouds
603,Rio Gallegos,AR,-51.6226,-69.2181,48.25,49,0,19.57,clear sky
604,Rovaniemi,FI,66.5,25.7167,29.61,93,75,4.61,broken clouds
605,Uchiza,PE,-8.4592,-76.4633,80.35,78,84,2.46,broken clouds
606,Maralal,KE,1.0968,36.698,63.39,64,77,12.12,broken clouds
607,Talavera De La Reina,ES,39.9635,-4.8308,61.81,81,70,2.39,broken clouds
608,Imeni Babushkina,RU,59.7573,43.1285,28.98,94,7,2.71,clear sky
609,Saint-Pierre,RE,-21.3393,55.4781,71.91,78,0,4.61,clear sky
610,Lolodorf,CM,3.2333,10.7333,69.67,99,99,1.16,overcast clouds
611,Assomada,CV,15.1,-23.6833,74.75,76,89,8.39,overcast clouds
612,Masvingo,ZW,-20.0637,30.8277,76.8,46,45,7.0,scattered clouds
613,Santa Isabel,BR,-23.3156,-46.2214,69.1,89,38,7.54,scattered clouds
614,Ampanihy,MG,-24.7,44.75,70.25,80,100,3.02,overcast clouds
615,Englewood,US,39.6478,-104.9878,62.82,28,75,21.85,broken clouds
616,Cabedelo,BR,-6.9811,-34.8339,79.47,73,89,12.19,overcast clouds
617,Rayachoti,IN,14.05,78.75,68.32,66,0,1.54,clear sky
618,Sao Felix Do Xingu,BR,-6.6447,-51.995,73.69,97,100,3.11,overcast clouds
619,Balod,IN,20.73,81.2047,61.86,76,0,1.74,clear sky
620,Severodvinsk,RU,64.5635,39.8302,30.31,88,24,7.94,few clouds
621,Usinsk,RU,65.9939,57.5281,21.09,94,87,7.92,overcast clouds
622,Hof,DE,50.3167,11.9167,48.49,92,37,4.0,scattered clouds
623,Awbari,LY,26.5921,12.7805,67.93,34,0,3.98,clear sky
624,Guaruja,BR,-23.9931,-46.2564,73.26,73,20,5.99,few clouds
625,Nouadhibou,MR,20.931,-17.0347,71.58,83,1,10.36,clear sky
626,Coihueco,CL,-36.6167,-71.8333,68.74,49,40,11.5,scattered clouds
627,Tandil,AR,-37.3217,-59.1332,67.84,73,100,6.91,light rain
628,Tashara,RU,55.5195,83.5094,29.55,71,8,7.23,clear sky
629,Knysna,ZA,-34.0363,23.0471,59.43,81,90,3.62,light rain
630,General Roca,AR,-39.0333,-67.5833,79.63,25,86,5.26,overcast clouds
631,Oistins,BB,13.0667,-59.5333,82.49,83,75,21.85,broken clouds
632,Borba,BR,-4.3878,-59.5939,77.2,91,99,2.46,overcast clouds
633,Diffa,NE,13.3154,12.6113,80.62,27,11,9.4,few clouds
634,Ponta Delgada,PT,37.7333,-25.6667,65.12,68,75,10.36,broken clouds
635,Belyy Yar,RU,53.6039,91.3903,13.89,92,0,2.24,clear sky
636,Goundam,ML,16.4145,-3.6708,88.88,14,100,9.24,overcast clouds
637,Carauari,BR,-4.8828,-66.8958,79.68,83,96,1.86,overcast clouds
638,Koboko,UG,3.4136,30.9599,64.69,83,74,4.54,broken clouds
639,Amboasary,MG,-25.0333,46.3833,73.81,80,92,3.51,overcast clouds
640,Ushtobe,KZ,45.2514,77.9838,45.34,63,83,5.28,broken clouds
641,Necochea,AR,-38.5473,-58.7368,60.84,83,100,12.21,light rain
642,Bahir Dar,ET,11.5936,37.3908,59.95,91,87,2.77,moderate rain
643,Salima,MW,-13.7804,34.4587,79.68,45,14,2.84,few clouds
644,Aksu,CN,41.1231,80.2644,48.52,34,49,2.66,scattered clouds
645,Road Town,VG,18.4167,-64.6167,86.09,79,20,6.91,few clouds
646,Chitral,PK,35.8462,71.7858,57.09,55,1,0.72,clear sky
647,Snezhnogorsk,RU,69.1933,33.2531,22.78,81,98,12.59,overcast clouds
648,Penzance,GB,50.1186,-5.5371,59.68,94,98,26.13,overcast clouds
649,Reggio Di Calabria,IT,38.1105,15.6613,72.32,43,0,12.66,clear sky
650,Oshnaviyeh,IR,37.0397,45.0983,49.55,60,0,1.36,clear sky
651,Bodmin,GB,50.4715,-4.7243,59.52,100,75,24.16,broken clouds
652,Pedasi,PA,7.5333,-80.0333,81.07,80,100,4.9,light rain
653,Olafsvik,IS,64.8945,-23.7142,41.74,81,100,19.77,overcast clouds
654,Opelika,US,32.6454,-85.3783,77.25,77,100,13.8,overcast clouds
655,Paramonga,PE,-10.6667,-77.8333,64.36,76,26,10.94,scattered clouds
656,Smoljan,ME,43.0924,19.2286,47.73,59,8,2.17,clear sky
657,Anzio,IT,41.4853,12.6179,68.31,87,29,6.89,scattered clouds
658,Santa Helena De Goias,BR,-17.8136,-50.5969,86.86,32,12,3.78,few clouds
659,Iberia,US,29.9502,-91.7507,73.47,38,0,14.97,clear sky
660,Upington,ZA,-28.4478,21.2561,77.38,15,100,5.75,overcast clouds
661,Kurchanskaya,RU,45.2219,37.5853,52.12,77,82,6.49,broken clouds
662,Dwarka,IN,22.2394,68.9678,79.45,62,0,9.73,clear sky
663,Ocu,JP,35.0044,135.8683,49.24,85,0,0.67,clear sky
664,Ladario,BR,-19.0047,-57.6017,97.09,34,0,8.05,clear sky
665,Ilo,PE,-17.6394,-71.3375,62.62,76,1,6.31,clear sky
666,Semey,KZ,50.4111,80.2275,33.26,47,2,8.86,clear sky
667,Zandvoort,NL,52.3749,4.5341,54.95,91,0,8.05,clear sky
668,Bayan,CN,46.0833,127.4,47.05,62,98,13.18,moderate rain
669,Mezen,RU,65.8522,44.24,29.62,92,28,5.77,scattered clouds
670,Correntina,BR,-13.3433,-44.6367,77.32,63,94,6.35,overcast clouds
671,Formosa,AR,-26.1775,-58.1781,91.38,35,0,8.05,clear sky
672,Brae,GB,60.3964,-1.353,51.71,88,100,8.99,overcast clouds
673,Tucupita,VE,9.0622,-62.051,77.72,91,100,4.56,heavy intensity rain
674,Carutapera,BR,-1.195,-46.02,79.59,76,80,9.15,broken clouds
675,Khandbari,NP,27.3747,87.2039,63.52,85,93,1.34,overcast clouds
676,Constitucion,CL,-35.3333,-72.4167,56.86,88,78,6.02,broken clouds
677,Mashhad,IR,36.297,59.6062,53.74,82,100,6.91,overcast clouds
678,Ibra,OM,22.6906,58.5334,71.55,54,0,0.85,clear sky
679,Libreville,GA,0.3925,9.4537,77.36,88,100,2.68,overcast clouds
680,Tambacounda,SN,13.7539,-13.7586,82.45,83,0,4.61,clear sky
681,Manaure,CO,11.7751,-72.4445,79.7,83,100,14.2,overcast clouds
682,Hualmay,PE,-11.0964,-77.6139,64.81,75,14,11.27,few clouds
683,Valls,ES,41.2861,1.2499,68.67,84,20,2.3,few clouds
684,Colares,PT,38.7992,-9.4469,67.33,96,15,10.0,few clouds
685,Skjervoy,NO,70.0311,20.9714,28.4,59,100,4.21,overcast clouds
686,Vuktyl,RU,63.8567,57.3094,24.62,96,100,5.44,overcast clouds
687,Kemijarvi,FI,66.7131,27.4306,30.11,79,100,6.4,overcast clouds
688,Nuqui,CO,5.7125,-77.2708,77.81,90,100,5.55,light rain
689,Mercedes,AR,-34.6515,-59.4307,80.04,42,95,14.92,overcast clouds
690,Krasnovishersk,RU,60.4078,57.082,28.51,94,94,2.93,overcast clouds
691,Paracuru,BR,-3.41,-39.0306,80.11,77,84,13.27,broken clouds
692,Karlstad,SE,59.3793,13.5036,48.76,93,100,8.05,overcast clouds
693,Porto Velho,BR,-8.7619,-63.9039,82.45,83,40,2.3,thunderstorm
694,Lyngseidet,NO,69.5763,20.2189,28.4,72,100,7.72,overcast clouds
695,Uray,RU,60.1247,64.7758,28.85,89,51,5.79,broken clouds
696,Ust-Tsilma,RU,65.441,52.1498,28.08,97,74,6.35,broken clouds
697,Hessisch Oldendorf,DE,52.1667,9.25,51.3,93,75,5.75,broken clouds
698,Carahue,CL,-38.7,-73.1667,60.46,73,39,7.63,scattered clouds
699,Perelyub,RU,51.8667,50.3667,37.76,70,100,9.24,overcast clouds
700,Bubaque,GW,11.2833,-15.8333,84.79,74,25,8.68,scattered clouds
701,Kolondieba,ML,11.0882,-6.8926,79.61,42,8,1.99,clear sky
702,Lerik,AZ,38.7726,48.4128,48.92,90,40,2.24,scattered clouds
703,Bari,IT,41.1177,16.8512,68.27,93,20,4.0,few clouds
704,Novyy Urengoy,RU,66.0833,76.6333,21.54,92,100,15.9,overcast clouds
705,Oskarshamn,SE,57.2645,16.4484,51.98,83,81,10.58,broken clouds
706,Taywarah,AF,33.35,64.4167,39.76,49,8,2.44,clear sky
707,Comodoro Rivadavia,AR,-45.8667,-67.5,58.86,41,75,23.02,broken clouds
708,Chebsara,RU,59.2002,38.8356,35.33,67,100,5.64,overcast clouds
709,Sabzevar,IR,36.2126,57.6819,51.08,66,20,6.91,few clouds
710,Ancud,CL,-41.8697,-73.8203,52.23,92,84,17.45,light rain
711,Kibre Mengist,ET,5.8833,38.9833,56.32,98,27,1.59,scattered clouds
712,Lethem,GY,3.3803,-59.7968,91.45,58,20,13.8,thunderstorm
713,Mayumba,GA,-3.432,10.6554,76.93,90,67,2.06,light rain
714,Quatre Cocos,MU,-20.2078,57.7625,73.09,78,21,12.91,few clouds
715,Dinguiraye,GN,11.3,-10.7167,73.47,71,15,3.4,few clouds
716,Itacurubi Del Rosario,PY,-24.5,-56.6833,76.64,68,0,5.17,clear sky
717,Kourou,GF,5.1552,-52.6478,82.45,80,93,8.16,overcast clouds
718,Kotido,UG,2.9806,34.1331,76.69,42,77,11.27,broken clouds
719,Keflavik,IS,64.0049,-22.5624,46.31,81,99,9.22,overcast clouds
720,Ciudad Guayana,VE,8.3533,-62.6528,80.44,78,100,3.02,overcast clouds
721,Vedasandur,IN,10.5333,77.95,75.76,74,75,2.71,broken clouds
722,Junin,AR,-34.5838,-60.9433,82.89,40,91,13.22,overcast clouds
723,Simeykyne,UA,48.3264,39.5337,50.38,83,100,5.97,overcast clouds
